{
  "config": {
    "name": "Medium (m=49, T=1083)",
    "p": 7,
    "k": 2,
    "hensel_satisfied": true,
    "period": 1083
  },
  "epochs_logged": [
    0,
    1000,
    2000,
    3000,
    4000,
    5000,
    6000,
    7000,
    8000,
    9000,
    10000,
    11000,
    12000,
    13000,
    14000,
    15000,
    16000,
    17000,
    18000,
    19000,
    20000,
    21000,
    22000,
    23000,
    24000,
    25000,
    26000,
    27000,
    28000,
    29000,
    30000,
    31000,
    32000,
    33000,
    34000,
    35000,
    36000,
    37000,
    38000,
    39000,
    40000,
    41000,
    42000,
    43000,
    44000,
    45000,
    46000,
    47000,
    48000,
    49000,
    50000,
    51000,
    52000,
    53000,
    54000,
    55000,
    56000,
    57000,
    58000,
    59000,
    60000,
    61000,
    62000,
    63000,
    64000,
    65000,
    66000,
    67000,
    68000,
    69000,
    70000,
    71000,
    72000,
    73000,
    74000,
    75000,
    76000,
    77000,
    78000,
    79000,
    80000,
    81000,
    82000,
    83000,
    84000,
    85000,
    86000,
    87000,
    88000,
    89000,
    90000,
    91000,
    92000,
    93000,
    94000,
    95000,
    96000,
    97000,
    98000,
    99000,
    99999
  ],
  "train_losses": [
    3.8804158687591555,
    0.020757035414377848,
    0.002361652177448074,
    0.0016436090848098198,
    0.001749205899735292,
    0.0013200999159986774,
    0.00110384583628426,
    0.001448645225415627,
    0.0011051220431302984,
    0.0010075808541538814,
    0.0007329153129830956,
    0.0009047444560565055,
    0.0009446004638448358,
    0.0007482148862133424,
    0.0007547328287425141,
    0.0009446512364471952,
    0.0009866075202201803,
    0.1353863508750995,
    0.0009849327344757816,
    0.0006353999953716994,
    0.0009211137813205521,
    0.0007057868021850785,
    0.0005643263730841379,
    0.0006790336570702493,
    0.0006803036434575915,
    0.0007423104951158165,
    0.0005145333881955594,
    0.0006527138078430047,
    0.0035223926572750014,
    0.0009856430270398656,
    0.0005076846825735023,
    0.0005342788392833123,
    0.0005161202202240626,
    0.0007156606918821732,
    0.00044025692817134163,
    0.0005902578161718945,
    0.0004968337889295071,
    0.0006734392877357702,
    0.0005400163005106151,
    0.0005292065693841626,
    0.00048609837346399825,
    0.0004374300381944825,
    0.0004261937690898776,
    0.0004354745673481375,
    0.0002986413213269164,
    0.0005875379273978372,
    0.0006221071894591053,
    0.0004018722897550712,
    0.00047117328504100444,
    0.0005468405744371315,
    0.0003550440170026074,
    0.0004132554866373539,
    0.00027971076196990906,
    0.00040034183184616267,
    0.0006016434403136372,
    0.0004890550684649497,
    0.00041248437288838127,
    0.0005858277746786674,
    0.0006119050434790551,
    0.0005221743815733741,
    0.0003493610944133252,
    0.0004988766857422888,
    0.0005028980784118175,
    0.0006431493015649418,
    0.0004346190350285421,
    0.00036356058165741464,
    0.0002687005481372277,
    0.0004892141538827369,
    0.0004478658413669715,
    0.0001989522104850039,
    0.000500135577749461,
    0.00022825991327408702,
    0.0002617962910638501,
    0.00038920071092434226,
    0.0003758185387899478,
    0.0004950865113642067,
    0.0003733029744277398,
    0.00025518605252727866,
    0.0002944921395586183,
    0.0004646799274875472,
    0.0005136640820031364,
    0.0002723375742789358,
    0.0004618605268963923,
    0.000504681015930449,
    0.0003744075035986801,
    0.0003796474697689215,
    0.00041422171828647456,
    0.0003307225260262688,
    0.0004041529396393647,
    0.0005985646625049412,
    0.0004294811243501802,
    0.0007610371491561333,
    0.0005484802667827655,
    0.000342877892156442,
    0.00025951033555126436,
    0.0003671944044375171,
    0.00020475185301620512,
    0.0003285051342876007,
    0.0004218451989193757,
    0.0004247702076099813,
    0.0003683484042994678
  ],
  "val_accs": [
    0.02672605775296688,
    1.0,
    1.0,
    1.0,
    1.0,
    1.0,
    1.0,
    1.0,
    1.0,
    1.0,
    1.0,
    1.0,
    1.0,
    1.0,
    1.0,
    1.0,
    1.0,
    0.9131402969360352,
    1.0,
    1.0,
    1.0,
    1.0,
    1.0,
    1.0,
    1.0,
    1.0,
    1.0,
    1.0,
    1.0,
    1.0,
    1.0,
    1.0,
    1.0,
    1.0,
    1.0,
    1.0,
    1.0,
    1.0,
    1.0,
    1.0,
    1.0,
    1.0,
    1.0,
    1.0,
    1.0,
    1.0,
    1.0,
    1.0,
    1.0,
    1.0,
    1.0,
    1.0,
    1.0,
    1.0,
    1.0,
    1.0,
    1.0,
    1.0,
    1.0,
    1.0,
    1.0,
    1.0,
    1.0,
    1.0,
    1.0,
    1.0,
    1.0,
    1.0,
    1.0,
    1.0,
    1.0,
    1.0,
    1.0,
    1.0,
    1.0,
    1.0,
    1.0,
    1.0,
    1.0,
    1.0,
    1.0,
    1.0,
    1.0,
    1.0,
    1.0,
    1.0,
    1.0,
    1.0,
    1.0,
    1.0,
    1.0,
    1.0,
    1.0,
    1.0,
    1.0,
    1.0,
    1.0,
    1.0,
    1.0,
    1.0,
    1.0
  ],
  "test_accs": [
    0.042222220450639725,
    1.0,
    1.0,
    1.0,
    1.0,
    1.0,
    1.0,
    1.0,
    1.0,
    1.0,
    1.0,
    1.0,
    1.0,
    1.0,
    1.0,
    1.0,
    1.0,
    0.9511111378669739,
    1.0,
    1.0,
    1.0,
    1.0,
    1.0,
    1.0,
    1.0,
    1.0,
    1.0,
    1.0,
    1.0,
    1.0,
    1.0,
    1.0,
    1.0,
    1.0,
    1.0,
    1.0,
    1.0,
    1.0,
    1.0,
    1.0,
    1.0,
    1.0,
    1.0,
    1.0,
    1.0,
    1.0,
    1.0,
    1.0,
    1.0,
    1.0,
    1.0,
    1.0,
    1.0,
    1.0,
    1.0,
    1.0,
    1.0,
    1.0,
    1.0,
    1.0,
    1.0,
    1.0,
    1.0,
    1.0,
    1.0,
    1.0,
    1.0,
    1.0,
    1.0,
    1.0,
    1.0,
    1.0,
    1.0,
    1.0,
    1.0,
    1.0,
    1.0,
    1.0,
    1.0,
    1.0,
    1.0,
    1.0,
    1.0,
    1.0,
    1.0,
    1.0,
    1.0,
    1.0,
    1.0,
    1.0,
    1.0,
    1.0,
    1.0,
    1.0,
    1.0,
    1.0,
    1.0,
    1.0,
    1.0,
    1.0,
    1.0
  ],
  "best_val_acc": 1.0,
  "grokking_epoch": 1000,
  "final_test_acc": 1.0
}