{
  "config": {
    "name": "Easy (m=25, T=125)",
    "p": 5,
    "k": 2,
    "hensel_satisfied": true,
    "period": 125
  },
  "epochs_logged": [
    0,
    1000,
    2000,
    3000,
    4000,
    5000,
    6000,
    7000,
    8000,
    9000,
    10000,
    11000,
    12000,
    13000,
    14000,
    15000,
    16000,
    17000,
    18000,
    19000,
    20000,
    21000,
    22000,
    23000,
    24000,
    25000,
    26000,
    27000,
    28000,
    29000,
    30000,
    31000,
    32000,
    33000,
    34000,
    35000,
    36000,
    37000,
    38000,
    39000,
    40000,
    41000,
    42000,
    43000,
    44000,
    45000,
    46000,
    47000,
    48000,
    49000,
    50000,
    51000,
    52000,
    53000,
    54000,
    55000,
    56000,
    57000,
    58000,
    59000,
    60000,
    61000,
    62000,
    63000,
    64000,
    65000,
    66000,
    67000,
    68000,
    69000,
    70000,
    71000,
    72000,
    73000,
    74000,
    75000,
    76000,
    77000,
    78000,
    79000,
    80000,
    81000,
    82000,
    83000,
    84000,
    85000,
    86000,
    87000,
    88000,
    89000,
    90000,
    91000,
    92000,
    93000,
    94000,
    95000,
    96000,
    97000,
    98000,
    99000,
    99999
  ],
  "train_losses": [
    3.1318839391072593,
    2.3865232075574264e-06,
    1.5518714917561738e-06,
    7.686933713557664e-06,
    1.3951590972283156e-06,
    2.9190718426737777e-06,
    8.624221936770483e-06,
    2.910774219344603e-06,
    5.7129220294882545e-06,
    1.2160249506602365e-07,
    6.027410230065774e-06,
    4.1706263649151275e-06,
    5.338339311341164e-07,
    5.926863317048022e-06,
    6.630554313839335e-06,
    2.7729422678627694e-06,
    7.63142655462919e-06,
    1.415073957862963e-07,
    7.5560028562904336e-06,
    4.943150482480026e-06,
    9.108611038755043e-07,
    5.737420633522561e-06,
    1.2564050787962818e-05,
    4.686084927622384e-06,
    3.383394096090342e-06,
    4.3534526146989566e-07,
    5.532025534193963e-06,
    6.5856955795122e-06,
    4.0595809423393804e-06,
    7.846213065931806e-06,
    4.0106694996211447e-07,
    6.656525844543163e-06,
    9.777400949436317e-06,
    2.668205706868321e-06,
    6.847009262855863e-06,
    1.9981665199490333e-07,
    5.360706745705102e-06,
    5.954478880691264e-06,
    1.633777689373043e-06,
    7.873124165295545e-06,
    1.046862948328453e-07,
    5.737037675620135e-06,
    4.734756218264617e-06,
    4.3249485202068174e-07,
    5.6669068120148346e-06,
    5.744965763672856e-06,
    2.1974012573385457e-06,
    5.7385055394358155e-06,
    9.428652560927731e-08,
    5.731584951718105e-06,
    5.655062068399275e-06,
    1.134736453423102e-06,
    4.861029356106883e-06,
    3.111560533094841e-05,
    5.5782092204026416e-06,
    5.654647702613147e-06,
    5.225565037865938e-07,
    5.105574928165879e-06,
    1.0702731985171947e-05,
    3.1398902895792465e-06,
    4.64958875454613e-06,
    2.3857095641233175e-07,
    5.773337731322196e-06,
    9.586111870400297e-06,
    3.08973708342819e-06,
    1.4907881389566077e-05,
    1.9441780618005093e-07,
    5.790915474790382e-06,
    7.429272985367182e-06,
    1.8817148960200333e-06,
    6.372491422249975e-06,
    1.2049619660577567e-07,
    6.147023062415731e-06,
    7.483203664075214e-06,
    1.0659514903939756e-06,
    5.596848041022895e-06,
    1.785314373895138e-05,
    4.648776606093937e-06,
    5.389574137855865e-06,
    2.901069497814509e-07,
    5.402021057913468e-06,
    5.1403390292155866e-06,
    2.2224480896208357e-06,
    4.546246130606354e-06,
    1.2022244391118875e-07,
    5.885543062807604e-06,
    5.384981674675752e-06,
    5.294736790043923e-07,
    5.935166670193818e-06,
    7.68639539880193e-06,
    3.09893498524616e-06,
    4.462377789119879e-06,
    2.0406404814821145e-07,
    5.502688448662715e-06,
    6.138720558131657e-06,
    2.6715102800759875e-06,
    6.285476259411856e-06,
    1.9386747472556937e-07,
    6.235906918542848e-06,
    6.662429935507438e-06,
    1.7135154621428228e-06
  ],
  "val_accs": [
    0.09799554198980331,
    1.0,
    1.0,
    1.0,
    1.0,
    1.0,
    1.0,
    1.0,
    1.0,
    1.0,
    1.0,
    1.0,
    1.0,
    1.0,
    1.0,
    1.0,
    1.0,
    1.0,
    1.0,
    1.0,
    1.0,
    1.0,
    1.0,
    1.0,
    1.0,
    1.0,
    1.0,
    1.0,
    1.0,
    1.0,
    1.0,
    1.0,
    1.0,
    1.0,
    1.0,
    1.0,
    1.0,
    1.0,
    1.0,
    1.0,
    1.0,
    1.0,
    1.0,
    1.0,
    1.0,
    1.0,
    1.0,
    1.0,
    1.0,
    1.0,
    1.0,
    1.0,
    1.0,
    1.0,
    1.0,
    1.0,
    1.0,
    1.0,
    1.0,
    1.0,
    1.0,
    1.0,
    1.0,
    1.0,
    1.0,
    1.0,
    1.0,
    1.0,
    1.0,
    1.0,
    1.0,
    1.0,
    1.0,
    1.0,
    1.0,
    1.0,
    1.0,
    1.0,
    1.0,
    1.0,
    1.0,
    1.0,
    1.0,
    1.0,
    1.0,
    1.0,
    1.0,
    1.0,
    1.0,
    1.0,
    1.0,
    1.0,
    1.0,
    1.0,
    1.0,
    1.0,
    1.0,
    1.0,
    1.0,
    1.0,
    1.0
  ],
  "test_accs": [
    0.08888889104127884,
    1.0,
    1.0,
    1.0,
    1.0,
    1.0,
    1.0,
    1.0,
    1.0,
    1.0,
    1.0,
    1.0,
    1.0,
    1.0,
    1.0,
    1.0,
    1.0,
    1.0,
    1.0,
    1.0,
    1.0,
    1.0,
    1.0,
    1.0,
    1.0,
    1.0,
    1.0,
    1.0,
    1.0,
    1.0,
    1.0,
    1.0,
    1.0,
    1.0,
    1.0,
    1.0,
    1.0,
    1.0,
    1.0,
    1.0,
    1.0,
    1.0,
    1.0,
    1.0,
    1.0,
    1.0,
    1.0,
    1.0,
    1.0,
    1.0,
    1.0,
    1.0,
    1.0,
    1.0,
    1.0,
    1.0,
    1.0,
    1.0,
    1.0,
    1.0,
    1.0,
    1.0,
    1.0,
    1.0,
    1.0,
    1.0,
    1.0,
    1.0,
    1.0,
    1.0,
    1.0,
    1.0,
    1.0,
    1.0,
    1.0,
    1.0,
    1.0,
    1.0,
    1.0,
    1.0,
    1.0,
    1.0,
    1.0,
    1.0,
    1.0,
    1.0,
    1.0,
    1.0,
    1.0,
    1.0,
    1.0,
    1.0,
    1.0,
    1.0,
    1.0,
    1.0,
    1.0,
    1.0,
    1.0,
    1.0,
    1.0
  ],
  "best_val_acc": 1.0,
  "grokking_epoch": 1000,
  "final_test_acc": 1.0
}