{
  "config": {
    "name": "Hard (m=125, T=7295)",
    "p": 5,
    "k": 3,
    "hensel_satisfied": true,
    "period": 7295
  },
  "epochs_logged": [
    0,
    1000,
    2000,
    3000,
    4000,
    5000,
    6000,
    7000,
    8000,
    9000,
    10000,
    11000,
    12000,
    13000,
    14000,
    15000,
    16000,
    17000,
    18000,
    19000,
    20000,
    21000,
    22000,
    23000,
    24000,
    25000,
    26000,
    27000,
    28000,
    29000,
    30000,
    31000,
    32000,
    33000,
    34000,
    35000,
    36000,
    37000,
    38000,
    39000,
    40000,
    41000,
    42000,
    43000,
    44000,
    45000,
    46000,
    47000,
    48000,
    49000,
    50000,
    51000,
    52000,
    53000,
    54000,
    55000,
    56000,
    57000,
    58000,
    59000,
    60000,
    61000,
    62000,
    63000,
    64000,
    65000,
    66000,
    67000,
    68000,
    69000,
    70000,
    71000,
    72000,
    73000,
    74000,
    75000,
    76000,
    77000,
    78000,
    79000,
    80000,
    81000,
    82000,
    83000,
    84000,
    85000,
    86000,
    87000,
    88000,
    89000,
    90000,
    91000,
    92000,
    93000,
    94000,
    95000,
    96000,
    97000,
    98000,
    99000,
    99999
  ],
  "train_losses": [
    4.829239972432455,
    2.625571775436401,
    2.0258086681365968,
    1.6897756417592367,
    1.393371041615804,
    1.1944818019866943,
    1.0552513639132182,
    0.9366944789886474,
    0.8649837255477906,
    0.7657931327819825,
    0.6981910824775696,
    0.6592238207658132,
    0.6207443197568258,
    0.5216578086217244,
    0.524609096844991,
    0.4915867110093435,
    0.4917054275671641,
    0.4529319882392883,
    0.43048412203788755,
    0.3944419284661611,
    0.39574368198712667,
    0.42872328162193296,
    0.36811402837435403,
    0.3881026347478231,
    0.3740113059679667,
    0.33149684468905133,
    0.31983734567960104,
    0.33567343950271605,
    0.3424724022547404,
    0.3316795349121094,
    0.3034736772378286,
    0.3149191041787465,
    0.2951006402571996,
    0.32044692436854044,
    0.286617906888326,
    0.2912070631980896,
    0.29837342103322345,
    0.3184555421272914,
    0.25928230583667755,
    0.2637070248524348,
    0.26978169778982797,
    0.2830136209726334,
    0.27850062151749927,
    0.2635072648525238,
    0.2455914407968521,
    0.25606508056322735,
    0.2710259129603704,
    0.27472854355971016,
    0.23688263495763143,
    0.2470630278189977,
    0.26319730579853057,
    0.2856177141269048,
    0.2345093697309494,
    0.22007095615069072,
    0.2333443229397138,
    0.238257626692454,
    0.23563893139362335,
    0.20730770627657572,
    0.2278885453939438,
    0.242844358086586,
    0.22318347891171772,
    0.21622647841771445,
    0.23147312800089517,
    0.2387012432018916,
    0.21240147948265076,
    0.1934456119934718,
    0.21535934507846832,
    0.20561381181081137,
    0.20362302362918855,
    0.18843628764152526,
    0.22603067954381306,
    0.21863512595494589,
    0.1920846924185753,
    0.19267061551411946,
    0.1982860028743744,
    0.1910427341858546,
    0.20407573481400806,
    0.20323149959246317,
    0.2197281370560328,
    0.2194597621758779,
    0.20294443567593892,
    0.20979670882225038,
    0.20000686943531037,
    0.19585740466912588,
    0.19767233630021414,
    0.19399342437585196,
    0.19974782665570576,
    0.19678154190381367,
    0.18537175456682842,
    0.19374780853589377,
    0.17883721937735875,
    0.22230372130870818,
    0.1820329487323761,
    0.17291822532812753,
    0.19562503596146902,
    0.18892976343631745,
    0.2190784454345703,
    0.19489632844924926,
    0.17929703791936238,
    0.1797382762034734,
    0.17811683118343352
  ],
  "val_accs": [
    0.008908686228096485,
    0.028953230008482933,
    0.0423162579536438,
    0.04454343020915985,
    0.04008908569812775,
    0.04899777099490166,
    0.03786191716790199,
    0.03340757265686989,
    0.04008908569812775,
    0.028953230008482933,
    0.028953230008482933,
    0.031180400401353836,
    0.03563474491238594,
    0.03340757265686989,
    0.03786191716790199,
    0.02449888549745083,
    0.02672605775296688,
    0.02672605775296688,
    0.02672605775296688,
    0.03340757265686989,
    0.02672605775296688,
    0.031180400401353836,
    0.02672605775296688,
    0.02449888549745083,
    0.02449888549745083,
    0.022271715104579926,
    0.022271715104579926,
    0.02449888549745083,
    0.028953230008482933,
    0.022271715104579926,
    0.02449888549745083,
    0.02449888549745083,
    0.01781737245619297,
    0.03340757265686989,
    0.022271715104579926,
    0.020044542849063873,
    0.02672605775296688,
    0.031180400401353836,
    0.02672605775296688,
    0.02449888549745083,
    0.020044542849063873,
    0.020044542849063873,
    0.022271715104579926,
    0.022271715104579926,
    0.02449888549745083,
    0.028953230008482933,
    0.02449888549745083,
    0.02672605775296688,
    0.02449888549745083,
    0.020044542849063873,
    0.022271715104579926,
    0.02449888549745083,
    0.02449888549745083,
    0.02449888549745083,
    0.02449888549745083,
    0.020044542849063873,
    0.022271715104579926,
    0.02449888549745083,
    0.020044542849063873,
    0.022271715104579926,
    0.01781737245619297,
    0.022271715104579926,
    0.022271715104579926,
    0.015590200200676918,
    0.01781737245619297,
    0.02449888549745083,
    0.020044542849063873,
    0.020044542849063873,
    0.020044542849063873,
    0.02672605775296688,
    0.015590200200676918,
    0.015590200200676918,
    0.020044542849063873,
    0.022271715104579926,
    0.020044542849063873,
    0.020044542849063873,
    0.022271715104579926,
    0.020044542849063873,
    0.022271715104579926,
    0.020044542849063873,
    0.022271715104579926,
    0.022271715104579926,
    0.022271715104579926,
    0.02449888549745083,
    0.02449888549745083,
    0.020044542849063873,
    0.01781737245619297,
    0.02449888549745083,
    0.020044542849063873,
    0.020044542849063873,
    0.020044542849063873,
    0.01336302887648344,
    0.022271715104579926,
    0.02449888549745083,
    0.022271715104579926,
    0.020044542849063873,
    0.02449888549745083,
    0.02449888549745083,
    0.022271715104579926,
    0.020044542849063873,
    0.020044542849063873
  ],