{
  "config": {
    "name": "Very Hard (m=121, T=4912)",
    "p": 11,
    "k": 2,
    "hensel_satisfied": true,
    "period": 4912
  },
  "epochs_logged": [
    0,
    1000,
    2000,
    3000,
    4000,
    5000,
    6000,
    7000,
    8000,
    9000,
    10000,
    11000,
    12000,
    13000,
    14000,
    15000,
    16000,
    17000,
    18000,
    19000,
    20000,
    21000,
    22000,
    23000,
    24000,
    25000,
    26000,
    27000,
    28000,
    29000,
    30000,
    31000,
    32000,
    33000,
    34000,
    35000,
    36000,
    37000,
    38000,
    39000,
    40000,
    41000,
    42000,
    43000,
    44000,
    45000,
    46000,
    47000,
    48000,
    49000,
    50000,
    51000,
    52000,
    53000,
    54000,
    55000,
    56000,
    57000,
    58000,
    59000,
    60000,
    61000,
    62000,
    63000,
    64000,
    65000,
    66000,
    67000,
    68000,
    69000,
    70000,
    71000,
    72000,
    73000,
    74000,
    75000,
    76000,
    77000,
    78000,
    79000,
    80000,
    81000,
    82000,
    83000,
    84000,
    85000,
    86000,
    87000,
    88000,
    89000,
    90000,
    91000,
    92000,
    93000,
    94000,
    95000,
    96000,
    97000,
    98000,
    99000,
    99999
  ],
  "train_losses": [
    4.7998504638671875,
    2.3699721336364745,
    1.6804383595784504,
    1.2963664213816324,
    1.0361377636591593,
    0.826630687713623,
    0.6922210295995076,
    0.5872860670089721,
    0.4865793208281199,
    0.4200575570265452,
    0.3590138922135035,
    0.33850531180699667,
    0.2907125840584437,
    0.2547969490289688,
    0.2338592211405436,
    0.2165921598672867,
    0.20401796499888103,
    0.21849037011464437,
    0.2153256227572759,
    0.19375855227311453,
    0.1675857812166214,
    0.17595788538455964,
    0.15219590564568838,
    0.13372435569763183,
    0.1542801598707835,
    0.14512043595314025,
    0.17068649232387542,
    0.12014004588127136,
    0.16886232445637386,
    0.1276239275932312,
    0.12350612332423529,
    0.15036373535792033,
    0.10786372870206833,
    0.10898151993751526,
    0.10081118643283844,
    0.11738756597042084,
    0.1448456034064293,
    0.1211328720053037,
    0.0897722418109576,
    0.10599741141001383,
    0.08699187686045964,
    0.09196880360444387,
    0.09105663696924846,
    0.09203164676825205,
    0.10471362074216208,
    0.10295772105455399,
    0.09794641211628914,
    0.0816976472735405,
    0.3242178897062937,
    0.07461427052815756,
    0.08018935521443685,
    0.07517444292704265,
    0.07982681194941203,
    0.07140204707781474,
    0.08435281813144684,
    0.07689874271551768,
    0.09012806763251623,
    0.09102032110095024,
    0.07365537558992703,
    0.06575294608871142,
    0.06805703043937683,
    0.08314690242211024,
    0.07269902726014456,
    0.07530508488416672,
    0.07591561575730642,
    0.06319385766983032,
    0.08222883542378744,
    0.08799329598744711,
    0.0650487296283245,
    0.08830769409735997,
    0.06929561545451482,
    0.08528515001138051,
    0.06415934190154075,
    0.08311063895622889,
    0.09827484339475631,
    0.07982993001739185,
    0.06821819717685382,
    0.08007928480704625,
    0.06028672084212303,
    0.05862071240941683,
    0.057794756690661114,
    0.06701566924651464,
    0.06130127732952436,
    0.07025543749332427,
    0.07533189902702968,
    0.08467104832331339,
    0.057494075347979866,
    0.06965783387422561,
    0.06028977259993553,
    0.06094798396031062,
    0.057362717638413115,
    0.06389580170313518,
    0.06121187706788381,
    0.07780794327457746,
    0.05640408049027125,
    0.07242428486545881,
    0.06521900743246078,
    0.0642787829041481,
    0.05668312758207321,
    0.06058568706115087,
    0.05851961622635524
  ],
  "val_accs": [
    0.008908686228096485,
    0.2806236147880554,
    0.416481077671051,
    0.5122494697570801,
    0.576837420463562,
    0.6436525583267212,
    0.6881960034370422,
    0.7082405090332031,
    0.7149220705032349,
    0.7216035723686218,
    0.737193763256073,
    0.7416480779647827,
    0.7527839541435242,
    0.7594654560089111,
    0.7483296394348145,
    0.7483296394348145,
    0.7572383284568787,
    0.74387526512146,
    0.7505567669868469,
    0.7461024522781372,
    0.7527839541435242,
    0.7483296394348145,
    0.7527839541435242,
    0.7527839541435242,
    0.7505567669868469,
    0.7505567669868469,
    0.7483296394348145,
    0.7550111413002014,
    0.7483296394348145,
    0.7505567669868469,
    0.7550111413002014,
    0.7572383284568787,
    0.7550111413002014,
    0.7527839541435242,
    0.7594654560089111,
    0.7550111413002014,
    0.7505567669868469,
    0.7550111413002014,
    0.7572383284568787,
    0.7550111413002014,
    0.7594654560089111,
    0.7550111413002014,
    0.7594654560089111,
    0.7572383284568787,
    0.7527839541435242,
    0.7594654560089111,
    0.7527839541435242,
    0.7572383284568787,
    0.7216035723686218,
    0.7572383284568787,
    0.7572383284568787,
    0.7594654560089111,
    0.7572383284568787,
    0.7594654560089111,
    0.7594654560089111,
    0.7594654560089111,
    0.7572383284568787,
    0.7594654560089111,
    0.7594654560089111,
    0.7616926431655884,
    0.7616926431655884,
    0.7616926431655884,
    0.7594654560089111,
    0.7594654560089111,
    0.7594654560089111,
    0.7616926431655884,
    0.7572383284568787,
    0.7639198303222656,
    0.7616926431655884,
    0.7572383284568787,
    0.7594654560089111,
    0.7616926431655884,
    0.7550111413002014,
    0.7572383284568787,
    0.7572383284568787,
    0.7594654560089111,
    0.7639198303222656,
    0.7661470174789429,
    0.7639198303222656,
    0.7639198303222656,
    0.7639198303222656,
    0.7639198303222656,
    0.7639198303222656,
    0.7661470174789429,
    0.7616926431655884,
    0.7594654560089111,
    0.7639198303222656,
    0.7639198303222656,
    0.7639198303222656,
    0.7661470174789429,
    0.7594654560089111,
    0.7639198303222656,
    0.7661470174789429,
    0.7616926431655884,
    0.7616926431655884,
    0.7594654560089111,
    0.7639198303222656,
    0.7594654560089111,
    0.7616926431655884,
    0.7616926431655884,
    0.7639198303222656
  ],
  "test_accs": [
    0.004444444552063942,
    0.3977777659893036,
    0.5844444632530212,
    0.7044444680213928,
    0.7777777910232544,
    0.8244444727897644,
    0.8755555748939514,
    0.9044444561004639,
    0.948888897895813,
    0.9511111378669739,
    0.9755555391311646,
    0.9844444394111633,
    0.995555579662323,
    0.9933333396911621,
    0.9977777600288391,
    0.9933333396911621,
    0.9933333396911621,
    1.0,
    0.9977777600288391,
    1.0,
    0.9977777600288391,
    0.995555579662323,
    1.0,
    1.0,
    1.0,
    1.0,
    0.995555579662323,
    1.0,
    0.9977777600288391,
    0.9933333396911621,
    1.0,
    1.0,
    1.0,
    0.9977777600288391,
    1.0,
    1.0,
    1.0,
    1.0,
    1.0,
    1.0,
    1.0,
    1.0,
    1.0,
    1.0,
    1.0,
    1.0,
    0.9977777600288391,
    1.0,
    0.948888897895813,
    1.0,
    1.0,
    1.0,
    1.0,
    1.0,
    1.0,
    1.0,
    1.0,
    1.0,
    1.0,
    1.0,
    1.0,
    1.0,
    1.0,
    1.0,
    1.0,
    1.0,
    1.0,
    1.0,
    1.0,
    1.0,
    1.0,
    1.0,
    1.0,
    0.9977777600288391,
    1.0,
    1.0,
    1.0,
    1.0,
    1.0,
    1.0,
    1.0,
    1.0,
    1.0,
    1.0,
    1.0,
    1.0,
    1.0,
    1.0,
    1.0,
    1.0,
    1.0,
    1.0,
    1.0,
    1.0,
    1.0,
    1.0,
    1.0,
    1.0,
    1.0,
    1.0,
    1.0
  ],
  "best_val_acc": 0.7661470174789429,
  "grokking_epoch": null,
  "final_test_acc": 1.0
}