{
  "p": 5,
  "m": 125,
  "L_in": 32,
  "accuracy": 0.137,
  "correlation_rho": -0.255236875025457,
  "correlation_pval": 0.1585779310859887,
  "significant": false,
  "attention_scores": [
    0.6065784692764282,
    0.26694029569625854,
    0.3588449954986572,
    0.2340979427099228,
    0.1265273541212082,
    0.47742903232574463,
    0.7712709903717041,
    1.1429904699325562,
    0.30627986788749695,
    0.5373842716217041,
    0.5286554098129272,
    0.14406730234622955,
    0.21634283661842346,
    0.3918575942516327,
    0.8684362769126892,
    0.5333154201507568,
    0.679731011390686,
    0.12511780858039856,
    0.21886703372001648,
    0.6287912726402283,
    0.36183619499206543,
    0.4396052956581116,
    0.6241740584373474,
    0.3666229546070099,
    0.24533967673778534,
    0.6182954907417297,
    0.5317254662513733,
    0.3506510555744171,
    0.1881302297115326,
    0.6145501732826233,
    5.871484279632568,
    4.95999002456665
  ],
  "padic_distances": [
    0.0,
    1.0,
    1.0,
    1.0,
    1.0,
    0.2,
    1.0,
    1.0,
    1.0,
    1.0,
    0.2,
    1.0,
    1.0,
    1.0,
    1.0,
    0.2,
    1.0,
    1.0,
    1.0,
    1.0,
    0.2,
    1.0,
    1.0,
    1.0,
    1.0,
    0.04,
    1.0,
    1.0,
    1.0,
    1.0,
    0.2,
    1.0
  ]
}