{
  "entropy_satisfied": 9.221779307696831,
  "entropy_violated": 5.762871700569224,
  "entropy_ratio": 1.600205554946843,
  "occupied_satisfied": 625,
  "occupied_violated": 55
}